<?xml version="1.0" encoding="UTF-8"?>
<beans xmlns="http://www.springframework.org/schema/beans"
	xmlns:xsi="http://www.w3.org/2001/XMLSchema-instance"
	xmlns:p="http://www.springframework.org/schema/p"
	xmlns:context="http://www.springframework.org/schema/context"
	xsi:schemaLocation="http://www.springframework.org/schema/beans
						http://www.springframework.org/schema/beans/spring-beans-3.0.xsd
						http://www.springframework.org/schema/context
						http://www.springframework.org/schema/context/spring-context-3.0.xsd">
	<context:component-scan base-package="org.springframework.samples.petclinic.web" />
	
	<!-- DispatcherServlet 이 무슨 일 해야하는지 적어놓은거 -->
	
	<!-- ※ 『dispacher-servlet.xml』 의 기본 샘플 코드 -->
	<!-- 이 코드는 기본 설정에 대한 템플릿을 복사하기 위해 스프링 doc 를 참조하여 작성한다 -->
	<!-- → 1. 『C:\s-f-3.0.2-with-docs\docs\spring-framework-reference\pdf』 경로로 이동 -->
	<!--    2. 『spring-framework-reference.pdf』 파일 실행 -->
	<!--    3. 본문 내용의 425 페이지(찾아서 직접 이동 450/805 페이지) 로 이동 -->
    <!--    4. 페이지 하단의 XML 파일 샘플코드 복붙 -->	
		<!-- 『BeanNameUrlHandlerMapping』 -->
	<bean id="beanNameUrlHandlerMapping" class="org.springframework.web.servlet.handler.BeanNameUrlHandlerMapping">
		<property name="alwaysUseFullPath" value="true"></property>
		<property name="order" value="1"></property>
	</bean>
	<!-- 『InternalResourceViewResolver』 -->
	<bean id="viewResolver" class="org.springframework.web.servlet.view.InternalResourceViewResolver">
		<!-- "/WEB-INF/view/MemberList.jsp -->
		<!-- "/WEB-INF/view/" + "MemberList" + ".jsp" -->
		<property name="prefix" value="/WEB-INF/view/"></property>
		<property name="suffix" value=".jsp"></property>
	</bean>
	
	
	<!-- ※ 사용자 정의 Controller 객체 등록 및 요청 URL 매핑 주소 등록 -->
	<!--    - 『name=""』 속성에 매핑 주소를 등록한다. -->
	<!--      이 과정에서 Front Controller 가 갖고 있는 확장자의 형태로 구성한다. -->
	<!--    - 『class=""』 속성은 Controller 객체의 클래스 경로 및 이름을 등록한다. -->
	<!--  -->
	
	<!-- DataSource 등록 → SimpleDriverDataSource -->
	<bean id="myDataSource" class="org.springframework.jdbc.datasource.SimpleDriverDataSource">
		<property name="driverClass" value="oracle.jdbc.driver.OracleDriver"></property>
		<!-- <property name="url" value="jdbc:oracle:thin:@localhost:1521:xe"></property> -->
		<property name="url" value="jdbc:oracle:thin:@211.238.142.55:1521:xe"></property>
		<property name="username" value="scott"></property>
		<property name="password" value="tiger"></property>
	</bean>
	
	
	
	<!-- DAO 등록 -->
	<bean id="memberListDAO" class="com.test.mvc.MemberListDAO">
		<property name="dataSource" ref="myDataSource"></property>
	</bean>
	
	<bean id="memberRecordDAO" class="com.test.mvc.MemberRecordDAO">
		<property name="dataSource" ref="myDataSource"></property>
	</bean>
	
	
	
	<!-- Ajax 관련 Controller 등록 -->
	<!-- 학생 추가할 때, 아이디 중복 -->
	<bean name="/memberlistinsertajax.action" class="com.test.mvc.MemberListAjaxController">
		<property name="dao" ref="memberListDAO"></property>
	</bean>
	
	<!-- 성적 추가할 때, 아이디 중복 및 성적 등록 여부 -->
	<bean name="/memberrecordinsertajax.action" class="com.test.mvc.MemberRecordInsertAjaxController">
		<property name="listDAO" ref="memberListDAO"></property>
		<property name="recordDAO" ref="memberRecordDAO"></property>
	</bean>
	
	
	
	<!-- 학생 관련 Controller 등록 -->
	<!-- 학생 리스트 Controller 등록 -->
	<bean name="/memberlist.action" class="com.test.mvc.MemberListController">
		<property name="dao" ref="memberListDAO"></property>
	</bean>
	
	<!-- 학생 데이터 입력 폼 Controller 등록 -->
	<bean name="/memberlistinsertform.action" class="com.test.mvc.MemberListInsertFormController"></bean>
	
	<!-- 학생 데이터 입력 액션 Controller 등록 -->
	<bean name="/memberlistinsert.action" class="com.test.mvc.MemberListInsertController">
		<property name="dao" ref="memberListDAO"></property>
	</bean>
	
	<!-- 학생 데이터 삭제 액션 Controller 등록 -->
	<bean name="/memberlistdelete.action" class="com.test.mvc.MemberListDeleteController">
		<property name="dao" ref="memberListDAO"></property>
	</bean>
	
	<!-- 학생 데이터 수정 폼 Controller 등록 -->
	<bean name="/memberlistupdateform.action" class="com.test.mvc.MemberListUpdateFormController">
		<property name="dao" ref="memberListDAO"></property>
	</bean>
	
	<!-- 학생 데이터 수정 액션 Controller 등록 -->
	<bean name="/memberlistupdate.action" class="com.test.mvc.MemberListUpdateController">
		<property name="dao" ref="memberListDAO"></property>
	</bean>
	
	
	
	<!-- 성적 관련 Controller 동록 -->
	<!-- 성적 리스트 Controller 등록 -->
	<bean name="/memberrecordlist.action" class="com.test.mvc.MemberRecordListController">
		<property name="dao" ref="memberRecordDAO"></property>
	</bean>
	
	<!-- 성적 데이터 입력 폼 Controller 등록 -->
	<bean name="/memberrecordinsertform.action" class="com.test.mvc.MemberRecordInsertFormController">
		<property name="listDAO" ref="memberListDAO"></property>
		<!-- <property name="recordDAO" ref="memberRecordDAO"></property> -->
	</bean>
	 
	<!-- 성적 데이터 입력 액션 Controller 등록 -->
	<bean name="/memberrecordinsert.action" class="com.test.mvc.MemberRecordInsertController">
		<property name="dao" ref="memberRecordDAO"></property>
	</bean>
	 
	<!-- 성적 데이터 삭제 액션 Controller 등록 -->
	<bean name="/memberrecorddelete.action" class="com.test.mvc.MemberRecordDeleteController">
		<property name="dao" ref="memberRecordDAO"></property>
	</bean>
	
	<!-- 성적 데이터 수정 폼 Controller 등록 -->
	<bean name="/memberrecordupdateform.action" class="com.test.mvc.MemberRecordUpdateFormController">
		<property name="recordDAO" ref="memberRecordDAO"></property>
	</bean>
	 
	<!-- 성적 데이터 수정 액션 Controller 등록 -->
	<bean name="/memberrecordupdate.action" class="com.test.mvc.MemberRecordUpdateController">
		<property name="dao" ref="memberRecordDAO"></property>
	</bean>
	
	
	
	<!-- 로그인 / 로그아웃 관련 Controller 등록 -->
	<!-- Login 폼 페이지 요청 Controller 등록 -->
	<!-- 
	<bean name="/loginform.action" class="com.test.mvc.LoginFormController"></bean>
	 -->
	 
	<!-- Login 데이터 액션 Controller 등록 -->
	<!-- 
	<bean name="/login.action" class="com.test.mvc.LoginController">
		<property name="dao" ref="memberListDAO"></property>
	</bean>
	 -->
	
	<!-- Logout 폼 페이지 요청 Controller 등록 -->
	<!-- 
	<bean name="logout.action" class="com.test.mvc.LogoutController"></bean>
	 -->
	
</beans>
